Iteration,Err_Standard,Err_GCMH
1,0.111134,21.1576
2,0.0329877,2.07202
3,0.0101182,0.265725
4,0.00309877,0.0355355
5,0.000884376,0.00464366
6,0.000195285,0.000483704
7,2.00048e-05,1.13756e-05
8,2.90092e-07,4.03373e-10
9,6.37215e-11,
